message,actual,predicted,actual_label,predicted_label
oh right ok i ll make sure that i do loads of work during the day got a really nasty cough today and is dry n shot so that should really help it,0,0,ham,ham
i am in tirupur call you da,0,0,ham,ham
no that just means you have a fat head,0,0,ham,ham
you have won cash or a prize to claim call,1,1,spam,spam
come aftr lt decimal gt now i m cleaning the house,0,0,ham,ham
friendship poem dear o dear u r not near but i can hear dont get fear live with cheer no more tear u r always my dear gud ni,0,0,ham,ham
wot about on wed nite i am then but only til,0,0,ham,ham
dont talk to him ever ok its my word,0,0,ham,ham
congrats kano whr s the treat maga,0,0,ham,ham
eh u remember how spell his name yes i did he v naughty make until i v wet,0,0,ham,ham
sorry i ll call later,0,0,ham,ham
it s cool we can last a little while getting more any time soon,0,0,ham,ham
k i will sent it again,0,0,ham,ham
ok lor but not too early me still having project meeting now,0,0,ham,ham
i ll have a look at the frying pan in case it s cheap or a book perhaps no that s silly a frying pan isn t likely to be a book,0,0,ham,ham
was just about to ask will keep this one maybe that s why you didn t get all the messages we sent you on glo,0,0,ham,ham
there re some people by mu i m at the table by lambda,0,0,ham,ham
oh k i m watching here,0,0,ham,ham
need a coffee run tomo can t believe it s that time of week already,0,0,ham,ham
derp which is worse a dude who always wants to party or a dude who files a complaint about the three drug abusers he lives with,0,0,ham,ham
you still around i could use a half th,0,0,ham,ham
so why didnt you holla,0,0,ham,ham
we left already we at orchard now,0,0,ham,ham
you are now unsubscribed all services get tons of sexy babes or hunks straight to your phone go to http gotbabes co uk no subscriptions,1,1,spam,spam
friendship poem dear o dear u r not near but i can hear dont get fear live with cheer no more tear u r always my dear gud ni,0,0,ham,ham
yeh indians was nice tho it did kane me off a bit he he we shud go out a drink sometime soon mite hav go da works a laugh soon love pete x x,0,0,ham,ham
sorry i ll call later,0,0,ham,ham
alright i ll head out in a few minutes text me where to meet you,0,0,ham,ham
yep at derek s house now see you sunday lt,0,0,ham,ham
goodo yes we must speak friday egg potato ratio for tortilla needed,0,0,ham,ham
how much for an eighth,0,0,ham,ham
it s that time of the week again ryan,0,0,ham,ham
fffff can you text kadeem or are you too far gone,0,0,ham,ham
yeah i don t see why not,0,0,ham,ham
hi this is roger from cl how are you,0,0,ham,ham
wanna get laid nite want real dogging locations sent direct to ur mobile join the uk s largest dogging network txt park to now nyt ec a lp msg,1,1,spam,spam
k i ll head out in a few mins see you there,0,0,ham,ham
is there coming friday is leave for pongal do you get any news from your work place,0,0,ham,ham
only send me the contents page,0,0,ham,ham
oh fine i ll be by tonight,0,0,ham,ham
do you want anytime any network mins text and a new video phone for only five pounds per week call now or reply for delivery tomorrow,1,1,spam,spam
yes it s all innocent fun o,0,0,ham,ham
v nice off sheffield tom air my opinions on categories b used measure ethnicity in next census busy transcribing,0,0,ham,ham
haha figures well i found the piece and priscilla s bowl,0,0,ham,ham
freemsg hey there darling it s been week s now and no word back i d like some fun you up for it still tb ok xxx std chgs to send to rcv,1,0,spam,ham
they are just making it easy to pay back i have lt gt yrs to say but i can pay back earlier you get,0,0,ham,ham
in xam hall boy asked girl tell me the starting term for dis answer i can den manage on my own after lot of hesitation n lookin around silently she said the intha ponnungale ipaditan,0,0,ham,ham
its like that hotel dusk game i think you solve puzzles in a area thing,0,0,ham,ham
if i not meeting all rite then i ll go home lor if dun feel like comin it s ok,0,0,ham,ham
no am working on the ringing u thing but have whole houseful of screaming brats so am pulling my hair out loving u,0,0,ham,ham
dunno lei shd b driving lor cos i go sch hr oni,0,0,ham,ham
ok leave no need to ask,0,0,ham,ham
yes watching footie but worried we re going to blow it phil neville,0,0,ham,ham
lol you forgot it eh yes i ll bring it in babe,0,0,ham,ham
how have your little darlings been so far this week need a coffee run tomo can t believe it s that time of week already,0,0,ham,ham
same as kallis dismissial in nd test,0,0,ham,ham
as per your request melle melle oru minnaminunginte nurungu vettam has been set as your callertune for all callers press to copy your friends callertune,0,0,ham,ham
good afternoon babe how goes that day any job prospects yet i miss you my love sighs,0,0,ham,ham
ok,0,0,ham,ham
did either of you have any idea s do you know of anyplaces doing something,0,0,ham,ham
pa but not selected,0,0,ham,ham
i love u babe r u sure everything is alrite is he being an idiot txt bak girlie,0,0,ham,ham
very strange and are watching the nd one now but i m in bed sweet dreams miss u,0,0,ham,ham
yo you guys ever figure out how much we need for alcohol jay and i are trying to figure out how much we can safely spend on weed,0,0,ham,ham
aathi where are you dear,0,0,ham,ham
urgent your mobile no was awarded a bonus caller prize on this is our nd attempt to contact you call box qu bt national rate,1,1,spam,spam
uncle abbey happy new year abiola,0,0,ham,ham
todays voda numbers ending with are selected to receive a reward if you have a match please call quoting claim code standard rates apply,1,1,spam,spam
cool i ll text you in a few,0,0,ham,ham
going to take your babe out,0,0,ham,ham
yay can t wait to party together,0,0,ham,ham
fun fact although you would think armand would eventually build up a tolerance or some shit considering how much he smokes he gets fucked up in like hits,0,0,ham,ham
good afternoon loverboy how goes you day any luck come your way i think of you sweetie and send my love across the sea to make you smile and happy,0,0,ham,ham
dare i ask any luck with sorting out the car,0,0,ham,ham
oh well c u later,0,0,ham,ham
its a part of checking iq,0,0,ham,ham
sure but since my parents will be working on tuesday i don t really need a cover story,0,0,ham,ham
i ve not called you in a while this is hoping it was l r malaria and that you know that we miss you guys i miss bani big so pls give her my love especially have a great day,0,0,ham,ham
ho ho big belly laugh see ya tomo,0,0,ham,ham
msgs r not time pass they silently say that i am thinking of u right now and also making u think of me at least a moment gd nt swt drms shesil,0,0,ham,ham
new theory argument wins d situation but loses the person so dont argue with ur friends just kick them amp say i m always correct,0,0,ham,ham
thx all will be well in a few months,0,0,ham,ham
also track down any lighters you can find,0,0,ham,ham
guess what somebody you know secretly fancies you wanna find out who it is give us a call on from landline datebox essexcm xn p min,1,1,spam,spam
dear reached railway what happen to you,0,0,ham,ham
aah a cuddle would be lush i d need lots of tea and soup before any kind of fumbling,0,0,ham,ham
lol ok i ll snatch her purse too,0,0,ham,ham
just checked out heading out to drop off my stuff now,0,0,ham,ham
yup not comin,0,0,ham,ham
sms auction a brand new nokia is up auction today auction is free join take part txt nokia to now hg suite lands row w j hl,1,1,spam,spam
yeah my usual guy s out of town but there re definitely people around i know,0,0,ham,ham
great p diddy is my neighbor and comes for toothpaste every morning,0,0,ham,ham
u guys never invite me anywhere,0,0,ham,ham
i m putting it on now it should be ready for lt time gt,0,0,ham,ham
you have won a guaranteed cash or a prize to claim yr prize call our customer service representative on between am pm cost p,1,1,spam,spam
one day a crab was running on the sea shore the waves came n cleared the footprints of the crab crab asked being my frnd y r u clearing my beautiful footprints waves replied a fox was following ur footprints to catch you thats y i cleared it off frndsship never lets u dwn gud nyt,0,0,ham,ham
in which place do you want da,0,0,ham,ham
dear umma she called me now,0,0,ham,ham
lol no just trying to make your day a little more interesting,0,0,ham,ham
anytime,0,0,ham,ham
great never been better each day gives even more reasons to thank god,0,0,ham,ham
sorry i ll call later,0,0,ham,ham
ok enjoy r u there in home,0,0,ham,ham
oh ya got hip hop open haha i was thinking can go for jazz then zoom to cine actually tonight i m free leh and there s a kb lesson tonight,0,0,ham,ham
i know that my friend already told that,0,0,ham,ham
he is impossible to argue with and he always treats me like his sub like he never released me which he did and i will remind him of that if necessary,0,0,ham,ham
so check your errors and if you had difficulties do correction,0,0,ham,ham
no we sell it all so we ll have tons if coins then sell our coins to someone thru paypal voila money back in life pockets,0,0,ham,ham
twenty past five he said will this train have been to durham already or not coz i am in a reserved seat,0,0,ham,ham
he s an adult and would learn from the experience there s no real danger i just dont like peeps using drugs they dont need but no comment,0,0,ham,ham
celebrate my b day y else,0,0,ham,ham
they said dun haf passport or smth like dat or juz send to my email account,0,0,ham,ham
lol that s different i don t go trying to find every real life photo you ever took,0,0,ham,ham
carlos is down but i have to pick it up from him so i ll swing by usf in a little bit,0,0,ham,ham
aight text me tonight and we ll see what s up,0,0,ham,ham
i ll text carlos and let you know hang on,0,0,ham,ham
no i didn t mean to post it i wrote it and like so many other times i ve ritten stuff to you i let it sit there it was what i was feeling at the time i was angry before i left i hit send then stop it wasn t there i checked on my phone when i got to my car it wasn t there you said you didn t sleep you were bored so why wouldn t that be the time to clean fold laundry etc at least make the bed,0,0,ham,ham
we can make a baby in yo tho,0,0,ham,ham
ok lor,0,0,ham,ham
can not use foreign stamps in this country,0,0,ham,ham
wat makes u thk i ll fall down but actually i thk i m quite prone falls lucky my dad at home i ask him come n fetch me already,0,0,ham,ham
yes its possible but dint try pls dont tell to any one k,0,0,ham,ham
dear voucher holder claim your st class airport lounge passes when using your holiday voucher call when booking quote st class x,1,1,spam,spam
talk sexy make new friends or fall in love in the worlds most discreet text dating service just text vip to and see who you could meet,1,1,spam,spam
no probs hon how u doinat the mo,0,0,ham,ham
do u think that any girl will propose u today by seing ur bloody funky shit fucking face asssssholeeee,0,0,ham,ham
sexy sexy cum and text me im wet and warm and ready for some porn u up for some fun this msg is free recd msgs p inc vat cancel text stop,1,1,spam,spam
win we have a winner mr t foley won an ipod more exciting prizes soon so keep an eye on ur mobile or visit www win co uk,1,1,spam,spam
so many people seems to be special at first sight but only very few will remain special to you till your last sight maintain them till life ends sh jas,0,0,ham,ham
got but got colours lor one colour is quite light n e other is darker lor actually i m done she s styling my hair now,0,0,ham,ham
lol that would be awesome payback,0,0,ham,ham
well then you have a great weekend,0,0,ham,ham
is fujitsu s series lifebook good,0,0,ham,ham
forwarded from free entry into our weekly comp just send the word enter to now t c www textcomp com,1,1,spam,spam
no chikku nt yet ya i m free,0,0,ham,ham
where are you call me,0,0,ham,ham
dont worry day very big lambu ji vl come til then enjoy batchlor party,0,0,ham,ham
k i might come by tonight then if my class lets out early,0,0,ham,ham
photoshop makes my computer shut down,0,0,ham,ham
hey hey werethe monkeespeople say we monkeyaround howdy gorgeous,0,0,ham,ham
darren was saying dat if u meeting da ge den we dun meet dinner cos later u leave xy will feel awkward den u meet him lunch lor,0,0,ham,ham
ugh hopefully the asus ppl dont randomly do a reformat,0,0,ham,ham
when did i use soc i use it only at home dunno how type it in word ar,0,0,ham,ham
i think steyn surely get one wicket,0,0,ham,ham
just taste fish curry p,0,0,ham,ham
i ve sent my part,0,0,ham,ham
oh is it send me the address,0,0,ham,ham
ok how you dear did you call chechi,0,0,ham,ham
you can jot down things you want to remember later,0,0,ham,ham
ok that would b lovely if u r sure think about wot u want to do drinkin dancin eatin cinema in out about up to u wot about,0,0,ham,ham
feel yourself that you are always happy slowly it becomes your habit amp finally it becomes part of your life follow it happy morning amp have a happy day,0,0,ham,ham
min later k,0,0,ham,ham
havent still waitin as usual come back sch oredi,0,0,ham,ham
k do it at evening da urgent,0,0,ham,ham
it vl bcum more difficult,0,0,ham,ham
crucify is c not s you should have told me earlier,0,0,ham,ham
full heat pa i have applyed oil pa,0,0,ham,ham
you always make things bigger than they are,0,0,ham,ham
not course only maths one day one chapter with in one month we can finish,0,0,ham,ham
dont search love let love find u thats why its called falling in love bcoz u dont force yourself u just fall and u know there is smeone to hold u bslvyl,0,0,ham,ham
oic then better quickly go bathe n settle down,0,0,ham,ham
oh all have to come ah,0,0,ham,ham
sex up ur mobile with a free sexy pic of jordan just text babe to then every wk get a sexy celeb pocketbabe co uk more pics wk,1,1,spam,spam
until lor ya can go dinner together,0,0,ham,ham
oops i thk i dun haf enuff i go check then tell,0,0,ham,ham
hi if ur lookin saucy daytime fun wiv busty married woman am free all next week chat now sort time janinexx calls minmobsmorelkpobox hp fl,1,1,spam,spam
do u want meet up morro,0,0,ham,ham
smile in pleasure smile in pain smile when trouble pours like rain smile when sum hurts u smile becoz someone still loves to see u smiling,0,0,ham,ham
it to your free text messages are valid until december,1,1,spam,spam
dai lt gt naal eruku,0,0,ham,ham
she said do u mind if i go into the bedroom for a minute ok i sed in a sexy mood she came out minuts latr wid a cake n my wife,0,0,ham,ham
good day to you too pray for me remove the teeth as its painful maintaining other stuff,0,0,ham,ham
just sent it so what type of food do you like,0,0,ham,ham
are we doing the norm tomorrow i finish just a cos of st tests need to sort library stuff out at some point tomo got letter from today access til end march so i better get move on,0,0,ham,ham
call me da i am waiting for your call,0,0,ham,ham
no problem talk to you later,0,0,ham,ham
pls give her the food preferably pap very slowly with loads of sugar you can take up to an hour to give it and then some water very very slowly,0,0,ham,ham
whore you are unbelievable,0,0,ham,ham
carry on not disturbing both of you,0,0,ham,ham
ya srsly better than yi tho,0,0,ham,ham
aight what time you want me to come up,0,0,ham,ham
hahaha use your brain dear,0,0,ham,ham
aight can you text me the address,0,0,ham,ham
lol i knew that i saw him in the dollar store,0,0,ham,ham
babe what are you doing where are you who are you talking to do you think of me are you being a good boy are you missing me do you love me,0,0,ham,ham
this is the nd attempt to contract u you have won this weeks top prize of either cash or prize just call,1,1,spam,spam
lol yeah at this point i guess not,0,0,ham,ham
waiting for your call,0,1,ham,spam
ok ok take care i can understand,0,0,ham,ham
yep the great loxahatchee xmas tree burning of lt gt starts in an hour,0,0,ham,ham
fyi i m taking a quick shower be at epsilon in like lt gt min,0,0,ham,ham
come to me right now ahmad,0,0,ham,ham
your opinion about me over jada kusruthi lovable silent spl character not matured stylish simple pls reply,0,0,ham,ham
also where s the piece,0,0,ham,ham
what hello wats talks email address,0,0,ham,ham
u r the most beautiful girl ive ever seen u r my baby come and c me in the common room,0,0,ham,ham
ringtoneking,1,0,spam,ham
nothing i got msg frm tht unknown no,0,0,ham,ham
if you don t your prize will go to another customer t c at www t c biz p min polo ltd suite london w j hl please call back if busy,1,1,spam,spam
id have to check but there s only like bowls worth left,0,0,ham,ham
good words but words may leave u in dismay many times,0,0,ham,ham
i wonder if your phone battery went dead i had to tell you i love you babe,0,0,ham,ham
hi hun im not comin nite tell every im sorry me hope u ava goodtime oli rang melnite ifink it mite b sorted but il explain everythin on mon l rs x,0,0,ham,ham
alright took the morphine back in yo,0,0,ham,ham
sms services for your inclusive text credits pls gotto www comuk net login qxj unsubscribe with stop no extra charge help comuk cm ae,1,1,spam,spam
wah okie okie muz make use of e unlimited haha,0,0,ham,ham
i don t think he has spatula hands,0,0,ham,ham
free entry into our weekly comp just send the word enter to now t c www textcomp com cust care,1,1,spam,spam
i keep ten rs in my shelf buy two egg,0,0,ham,ham
smith waste da i wanna gayle,0,0,ham,ham
still in customer place,0,0,ham,ham
hi darlin did youphone me im athome if youwanna chat,0,0,ham,ham
zoe it just hit me im fucking shitin myself il defo try my hardest cum morow luv u millions lekdog,0,0,ham,ham
loan for any purpose homeowners tenants welcome have you been previously refused we can still help call free or text back help,1,1,spam,spam
st wk free gr tones str u each wk txt nokia on to for classic nokia tones or hit on to for polys nokia p poly p,1,1,spam,spam
ya i m referin to mei s ex wat no ah waitin u to treat somebody shld b rich liao so gd den u dun have to work frm tmr onwards,0,0,ham,ham
urgent your mobile number has been awarded with a prize guaranteed call from land line claim valid hrs only ppm,1,1,spam,spam
you have won a guaranteed award or even cashto claim ur award call free on stop getstop on php rg jx,1,1,spam,spam
sent me ur email id soon,0,0,ham,ham
sorry i missed your call let s talk when you have the time i m on,1,0,spam,ham
i dont have i shall buy one dear,0,0,ham,ham
hello damn this christmas thing i think i have decided to keep this mp that doesnt work,0,0,ham,ham
call germany for only pence per minute call from a fixed line via access number no prepayment direct access www telediscount co uk,1,1,spam,spam
hm good morning headache anyone,0,0,ham,ham
you could have seen me i did t recognise you face,0,0,ham,ham
nothing i meant that once the money enters your account here the bank will remove its flat rate someone transfered lt gt to my account and lt gt dollars got removed so the banks differ and charges also differ be sure you trust the ja person you are sending account details to cos,0,0,ham,ham
gonna let me know cos comes bak from holiday that day is coming don t get text me number,0,0,ham,ham
i am in office whats the matter msg me now i will call you at break,0,0,ham,ham
tessy pls do me a favor pls convey my birthday wishes to nimya pls dnt forget it today is her birthday shijas,0,0,ham,ham
i don t have her number and its gonna be a massive pain in the ass and i d rather not get involved if that s possible,0,0,ham,ham
fine do you remember me,0,0,ham,ham
winner as a valued network customer you hvae been selected to receive a reward to collect call valid hours only acl pm,1,1,spam,spam
rock yr chik get s of filthy films xxx pics on yr phone now rply filth to saristar ltd e yt p per days stop cancel,1,1,spam,spam
your pussy is perfect,0,0,ham,ham
havent,0,0,ham,ham
latest news police station toilet stolen cops have nothing to go on,1,0,spam,ham
rose for red red for blood blood for heart heart for u but u for me send tis to all ur friends including me if u like me if u get back u r poor in relation u need some to support u r frnd many some luvs u some is praying god to marry u try it,0,0,ham,ham
ok help me ask if she s working tmr a not,0,0,ham,ham
i m not smoking while people use wylie smokes too much to justify ruining my shit,0,0,ham,ham
reverse is cheating that is not mathematics,0,0,ham,ham
i m leaving my house now,0,0,ham,ham
sorry that was my uncle i ll keep in touch,0,0,ham,ham
sunshine quiz win a super sony dvd recorder if you canname the capital of australia text mquiz to b,1,1,spam,spam
no problem we will be spending a lot of quality time together,0,0,ham,ham
my no in luton ring me if ur around h,0,0,ham,ham
all e best ur driving tmr,0,0,ham,ham
yeah right i ll bring my tape measure fri,0,0,ham,ham
your unique user id is for removal send stop to customer services,1,1,spam,spam
networking technical support associate,0,0,ham,ham
sorry battery died yeah i m here,0,0,ham,ham
thank u it better work out cause i will feel used otherwise,0,0,ham,ham
ok i will tell her to stay out yeah its been tough but we are optimistic things will improve this month,0,0,ham,ham
am on my way,0,0,ham,ham
from next month get upto more calls ur standard network charge activate call c wire net st terms pobox m uz cost min mobcudb more,1,1,spam,spam
do you know when the result,0,0,ham,ham
new car and house for my parents i have only new job in hand,0,0,ham,ham
thanx,0,0,ham,ham
like a personal sized or what,0,0,ham,ham
eerie nokia tones u rply tone title to eg tone dracula to titles ghost addamsfa munsters exorcist twilight www getzed co uk pobox w wq p,1,1,spam,spam
ffffffffff alright no way i can meet up with you sooner,0,0,ham,ham
i want kfc its tuesday only buy meals only no gravy only mark,0,0,ham,ham
a few people are at the game i m at the mall with iouri and kaila,0,0,ham,ham
are you this much buzy,0,0,ham,ham
good afternoon starshine how s my boytoy does he crave me yet ache to fuck me sips cappuccino i miss you babe teasing kiss,0,0,ham,ham
i m serious you are in the money base,0,0,ham,ham
themob hit the link to get a premium pink panther game the new no from sugababes a crazy zebra animation or a badass hoody wallpaper all free,1,1,spam,spam
nah i don t think he goes to usf he lives around here though,0,0,ham,ham
urgent your mobile no was awarded a bonus caller prize on this is our nd attempt to contact you call box qu,1,1,spam,spam
fine i miss you very much,0,0,ham,ham
so when do you wanna gym harri,0,0,ham,ham
just wait till end of march when el nino gets himself oh,0,0,ham,ham
congrats mobile g videophones r yours call now videochat wid ur mates play java games dload polyph music noline rentl bx ip we p,1,1,spam,spam
i can probably come by everybody s done around lt gt right,0,0,ham,ham
yup i thk they r e teacher said that will make my face look longer darren ask me not cut too short,0,0,ham,ham
check mail i have mailed varma and kept copy to you regarding membership take care insha allah,0,0,ham,ham
hi darlin its kate are u up for doin somethin tonight im going to a pub called the swan or something with my parents for one drink so phone me if u can,0,0,ham,ham
dai what this da can i send my resume to this id,0,0,ham,ham
thank you and by the way i just lost,0,0,ham,ham
i called but no one pick up e phone i ask both of them already they said ok,0,0,ham,ham
dunno he jus say go lido same time,0,0,ham,ham
yup i havent been there before you want to go for the yoga i can call up to book,0,0,ham,ham
oh for fuck s sake she s in like tallahassee,0,0,ham,ham
k k then watch some films,0,0,ham,ham
i just lov this line hurt me with the truth,0,0,ham,ham
urgent we are trying to contact u todays draw shows that you have won a prize guaranteed call from land line claim a valid hrs only,1,1,spam,spam
k ill drink pa then what doing i need srs model pls send it to my mail id pa,0,0,ham,ham
come to mahal bus stop lt decimal gt,0,0,ham,ham
how do you plan to manage that,0,0,ham,ham
bloomberg message center why wait apply for your future http careers bloomberg com,1,1,spam,spam
call from tells u call to claim prize u have enter all ur mobile personal details the prompts careful,1,1,spam,spam
when did dad get back,0,0,ham,ham
i ll leave around four ok,0,0,ham,ham
come to me slave your doing it again going into your shell and unconsciously avoiding me you are making me unhappy,0,0,ham,ham
how come she can get it should b quite diff to guess rite,0,0,ham,ham
i will come to ur home now,0,0,ham,ham
did u got that persons story,0,0,ham,ham
free polyphonic ringtone text super to to get your free poly tone of the week now sn pobox nr zs subscription pw,1,1,spam,spam
okay i booked all already including the one at bugis,0,0,ham,ham
am only searching for good dual sim mobile pa,0,0,ham,ham
oh god i am happy to see your message after days,0,0,ham,ham
he also knows about lunch menu only da i know,0,0,ham,ham
this is ur face test lt gt select any number i will tell ur face astrology am waiting quick reply,0,0,ham,ham
whens your radio show,0,0,ham,ham
r going today s meeting,0,0,ham,ham
i will reach ur home in lt gt minutes,0,0,ham,ham
how are you its been ages how s abj,0,0,ham,ham
dear xxxxxxx u ve been invited to xchat this is our final attempt to contact u txt chat to p msgrcvdhg suite lands row w j hl ldn yrs,1,1,spam,spam
i cant pick the phone right now pls send a message,0,0,ham,ham
hey do u fancy meetin me at at cha hav a lil beverage on me if not txt or ring me and we can meet up l r quite tired got in at v pist love pete x x x,0,0,ham,ham
they said if its gonna snow it will start around or pm tonite they are predicting an inch of accumulation,0,0,ham,ham
ok ur typical reply,0,1,ham,spam
ya told she was asking wats matter,0,0,ham,ham
neshanth tel me who r u,0,0,ham,ham
asking do u knw them or nt may be ur frnds or classmates,0,0,ham,ham
i might come to kerala for days so you can be prepared to take a leave once i finalise dont plan any travel during my visit need to finish urgent works,0,0,ham,ham
pick ur fone up now u dumb,0,0,ham,ham
do you want bold or bb torch,0,0,ham,ham
where do you need to go to get it,0,0,ham,ham
dear why you mood off i cant drive so i brother to drive,0,0,ham,ham
how r going to send it to me,0,0,ham,ham
ew are you one of them,0,0,ham,ham
i think if he rule tamilnadu then its very tough for our people,0,0,ham,ham
u coming back dinner rite dad ask me so i re confirm wif u,0,0,ham,ham
hcl chennai requires freshers for voice process excellent english needed salary upto lt gt call ms suman lt gt for telephonic interview via indyarocks com,0,0,ham,ham
and whenever you and i see we can still hook up too,0,0,ham,ham
x course it yrs just so her messages on messenger lik you r sending me,0,0,ham,ham
hi ibh customer loyalty offer the new nokia mobile from only at txtauction txt word start to no get yours now t,1,1,spam,spam
ou are guaranteed the latest nokia phone a gb ipod mp player or a prize txt word collect to no ibhltd ldnw h p mtmsgrcvd,1,1,spam,spam
me also da i feel yesterday night wait til day night dear,0,0,ham,ham
i m eatin now lor but goin back to work soon e mountain deer show huh i watch b liao very nice,0,0,ham,ham
s antha num corrct dane,0,0,ham,ham
i think i m waiting for the same bus inform me when you get there if you ever get there,0,0,ham,ham
tunde how are you doing this is just wishing you a great day abiola,0,0,ham,ham
are you sure you don t mean get here,0,0,ham,ham
k k its good when are you going,0,0,ham,ham
have you emigrated or something ok maybe was a bit hopeful,0,0,ham,ham
goin to workout lor muz lose e fats,0,0,ham,ham
lol great now im getting hungry,0,0,ham,ham
love that holiday monday feeling even if i have to go to the dentists in an hour,0,0,ham,ham
probably earlier than that if the station s where i think it is,0,0,ham,ham
and he s apparently bffs with carly quick now,0,0,ham,ham
he remains a bro amongst bros,0,0,ham,ham
in case you wake up wondering where i am i forgot i have to take care of something for grandma today should be done before the parade,0,0,ham,ham
raji pls do me a favour pls convey my birthday wishes to nimya pls today is her birthday,0,0,ham,ham
sometimes we put walls around our hearts not just to be safe from getting hurt but to find out who cares enough to break the walls amp get closer goodnoon,0,0,ham,ham
was gr to see that message so when r u leaving congrats dear what school and wat r ur plans,0,0,ham,ham
can you say what happen,0,0,ham,ham
why you dint come with us,0,0,ham,ham
also remember to get dobby s bowl from your car,0,0,ham,ham
happy new year my no man,0,0,ham,ham
just sleeping and surfing,0,0,ham,ham
my friend just got here and says he s upping his order by a few grams he s got lt gt when can you get here,0,0,ham,ham
hey mate hows u honey did u ave good holiday gimmi de goss x,0,0,ham,ham
crazy ar he s married like gd looking guys not me my frens like say he s korean leona s fave but i dun thk he is aft some thinking mayb most prob i ll go,0,0,ham,ham
in e msg jus now u said thanks for gift,0,0,ham,ham
mmmmm i loved waking to your words this morning i miss you too my love i hope your day goes well and you are happy i wait for us to be together again,0,0,ham,ham
yeah probably i still gotta check out with leo,0,0,ham,ham
bought one ringtone and now getting texts costing pound offering more tones etc,1,1,spam,spam
aight should i just plan to come up later tonight,0,0,ham,ham
yeah we wouldn t leave for an hour at least how s sound,0,0,ham,ham
as usual u can call me ard smth,0,0,ham,ham
please call our customer service representative on freephone between am pm as you have won a guaranteed cash or prize,1,1,spam,spam
romantic paris nights flights from book now next year call ts cs apply,1,1,spam,spam
,0,0,ham,ham
juz now havent woke up so a bit blur blur can dad went out liao i cant cum now oso,0,0,ham,ham
hiya comin bristol st week in april les got off rudi on new yrs eve but i was snoring they were drunk u bak at college yet my work sends ink bath,0,0,ham,ham
customer loyalty offer the new nokia mobile from only at txtauction txt word start to no get yours now t ctxt tc p mtmsg,1,1,spam,spam
hey pple or for nights excellent location wif breakfast hamper,0,0,ham,ham
u coming pick me,0,0,ham,ham
now got tv watch meh u no work today,0,0,ham,ham
aiyo cos i sms then neva reply so i wait to reply lar i tot havent finish ur lab wat,0,0,ham,ham
first has she gained more than lt gt kg since she took in second has she done the blood sugar tests if she has and its ok and her blood pressure is within normal limits then no worries,0,0,ham,ham
great escape i fancy the bridge but needs her lager see you tomo,0,0,ham,ham
short but cute be a good person,0,0,ham,ham
from to only my work timing,0,0,ham,ham
what he said is not the matter my mind saying some other matter is there,0,0,ham,ham
sorry i ll call later,0,0,ham,ham
why don t you wait til at least wednesday to see if you get your,0,0,ham,ham
i guess you could be as good an excuse as any lol,0,0,ham,ham
i know girls always safe and selfish know i got it pa thank you good night,0,0,ham,ham
how much r willing to pay,0,0,ham,ham
ur going bahamas callfreefone and speak to a live operator to claim either bahamas cruise of cash only to opt out txt x to,1,1,spam,spam
sun ah thk mayb can if dun have anythin on thk have to book e lesson e pilates is at orchard mrt u noe hor,0,0,ham,ham
remember on that day,0,0,ham,ham
dear how you are you ok,0,0,ham,ham
if u dun drive then how i go sch,0,0,ham,ham
tell me pa how is pain de,0,0,ham,ham
wat time finish,0,0,ham,ham
prabha i m soryda realy frm heart i m sory,0,0,ham,ham
check wid corect speling i e sarcasm,0,0,ham,ham
sac will score big hundred he is set batsman,0,0,ham,ham
congrats treat pending i am not on mail for days will mail once thru respect mother at home check mails,0,0,ham,ham
heehee that was so funny tho,0,0,ham,ham
eerie nokia tones u rply tone title to eg tone dracula to titles ghost addamsfa munsters exorcist twilight www getzed co uk pobox w wq p,1,1,spam,spam
dont make ne plans for nxt wknd coz she wants us to come down then ok,0,0,ham,ham
its just the effect of irritation just ignore it,0,0,ham,ham
cause i m not freaky lol,0,0,ham,ham
i cant wait to see you how were the photos were useful,0,0,ham,ham
tiwary to rcb battle between bang and kochi,0,0,ham,ham
laptop i noe infra but too slow lar i wan fast one,0,0,ham,ham
yup from what i remb i think should be can book,0,0,ham,ham
ok i shall talk to him,0,0,ham,ham
id onluy matters when getting on from offcampus,0,0,ham,ham
ard lor,0,0,ham,ham
k makes sense btw carlos is being difficult so you guys are gonna smoke while i go pick up the second batch and get gas,0,0,ham,ham
have a lovely night and when you wake up to see this message i hope you smile knowing all is as should be have a great morning,0,0,ham,ham
takin linear algebra today,0,0,ham,ham
oh howda gud gud mathe en samachara chikku,0,0,ham,ham
hey anyway i have to,0,0,ham,ham
cps is causing the outages to conserve energy,0,0,ham,ham
good morning princess how are you,0,0,ham,ham
wah lucky man then can save money hee,0,0,ham,ham
long time you remember me today,0,0,ham,ham
good morning my dear have a great amp successful day,0,0,ham,ham
k still are you loving me,0,0,ham,ham
i hate when she does this she turns what should be a fun shopping trip into an annoying day of how everything would look in her house,0,0,ham,ham
hi its me you are probably having too much fun to get this message but i thought id txt u cos im bored and james has been farting at me all night,0,0,ham,ham
ultimately tor motive tui achieve korli,0,0,ham,ham
can u get phone now i wanna chat set up meet call me now on u can cum here moro luv jane xx calls minmoremobsemspobox po wa,1,1,spam,spam
en chikku nange bakra msg kalstiya then had tea coffee,0,0,ham,ham
hey are you angry with me reply me dr,0,0,ham,ham
i not free today i haf pick my parents up tonite,0,0,ham,ham
what happened in interview,0,0,ham,ham
dear i am not denying your words please,0,0,ham,ham
hi this is yijue it s regarding the textbook it s intro to algorithms second edition i m selling it for,0,0,ham,ham
sorry i can t help you on this,0,0,ham,ham
haha awesome omw back now then,0,0,ham,ham
i take it we didn t have the phone callon friday can we assume we won t have it this year now,0,0,ham,ham
he telling not to tell any one if so treat for me hi hi hi,0,0,ham,ham
hey babe far spun out spk at da mo dead da wrld been sleeping on da sofa all day,0,0,ham,ham
december only had your mobile mths you are entitled to update to the latest colour camera mobile for free call the mobile update co free on,1,1,spam,spam
rats hey did u ever vote for the next themes,0,0,ham,ham
i m coming home dinner,0,0,ham,ham
hi babe its jordan how r u im home from abroad and lonely text me back if u wanna chat xxsp visionsms com text stop to stopcost p,1,1,spam,spam
it will stop on itself i however suggest she stays with someone that will be able to give ors for every stool,0,0,ham,ham
horrible gal me in sch doing some stuff how come u got mc,0,0,ham,ham
kind of took it to garage centre part of exhaust needs replacing part ordered n taking it to be fixed tomo morning,0,0,ham,ham
yes da any plm at ur office,0,0,ham,ham
i liked your new house,0,0,ham,ham
you have new voicemail please call,1,1,spam,spam
i m home my love if your still awake loving kiss,0,0,ham,ham
yeah like if it goes like it did with my friends imma flip my shit in like half an hour,0,0,ham,ham
then just eat a shit and wait for ur monkey face bitch u asshole,0,0,ham,ham
at esplanade do mind giving me a lift cos i got no car today,0,0,ham,ham
and picking them up from various points going yeovil and they will do the motor project hours and then u take them home max very easy,0,0,ham,ham
dude ive been seeing a lotta corvettes lately,0,0,ham,ham
yunny i m walking in citylink now faster come down me very hungry,0,0,ham,ham
k did you call me just now ah,0,0,ham,ham
height of confidence all the aeronautics professors wer calld amp they wer askd sit in an aeroplane aftr they sat they wer told dat the plane ws made by their students dey all hurried out of d plane bt only didnt move he said if it is made by my students,0,0,ham,ham
get the official england poly ringtone or colour flag on yer mobile for tonights game text tone or flag to optout txt eng stop box w wx,1,1,spam,spam
unlimited texts limited minutes,0,0,ham,ham
man this bus is so so so slow i think you re gonna get there before me,0,0,ham,ham
my love how come it took you so long to leave for zaher s i got your words on ym and was happy to see them but was sad you had left i miss you,0,0,ham,ham
should i buy him a blackberry bold or torch should i buy him new or used let me know plus are you saying i should buy the lt gt g wifi ipad and what are you saying about the about the lt gt g,0,0,ham,ham
claim a shopping spree just call now have you won mobstorequiz ppm,1,1,spam,spam
all the lastest from stereophonics marley dizzee racal libertines and the strokes win nookii games with flirt click themob wap bookmark or text wap to,1,1,spam,spam
or i go home first lar wait me lor i put down my stuff first,0,0,ham,ham
hello beautiful r u ok i ve kinda ad a row wiv and he walked out the pub i wanted a night wiv u miss u,0,0,ham,ham
hi di is yijue we re meeting at pm at esaplanade tonight,0,0,ham,ham
i can t describe how lucky you are that i m actually awake by noon,0,0,ham,ham
i will cme i want to go to hos morow after that i wil cme this what i got from her dear what to do she didnt say any time,0,0,ham,ham
no worries hope photo shoot went well have a spiffing fun at workage,0,0,ham,ham
hey what are you doing y no reply pa,0,0,ham,ham
hi harish s rent has been transfred to ur acnt,0,0,ham,ham
sorry that took so long omw now,0,0,ham,ham
you will be in the place of that man,0,0,ham,ham
we know taj mahal as symbol of love but the other lesser known facts mumtaz was shahjahan s th wife out of his wifes shahjahan killed mumtaz s husband to marry her mumtaz died in her lt gt th delivery he then married mumtaz s sister question arises where the hell is the love the great hari,0,0,ham,ham
more people are dogging in your area now call and join like minded guys why not arrange yourself there s this evening a minapn ls bb,1,0,spam,ham
k k why cant you come here and search job,0,0,ham,ham
forgot you were working today wanna chat but things are ok so drop me a text when you re free bored etc and i ll ring hope all is well nose essay and all xx,0,0,ham,ham
babe i miiiiiiissssssssss you i need you i crave you geeee i m so sad without you babe i love you,0,0,ham,ham
aight that ll work thanks,0,0,ham,ham
reckon need to be in town by eightish to walk from carpark,0,0,ham,ham
hi wkend ok but journey terrible wk not good as have huge back log of marking to do,0,0,ham,ham
nah i m a perpetual dd,0,0,ham,ham
are you coming to day for class,0,0,ham,ham
you are a big chic common declare,0,0,ham,ham
actually getting ready to leave the house,0,0,ham,ham
for sale arsenal dartboard good condition but no doubles or trebles,1,0,spam,ham
i think you should go the honesty road call the bank tomorrow its the tough decisions that make us great people,0,0,ham,ham
hello my love how went your day are you alright i think of you my sweet and send a jolt to your heart to remind you i love you can you hear it i screamed it across the sea for all the world to hear ahmad al hallaq is loved and owned possessive passionate kiss,0,0,ham,ham
dunno lei all decide lor how abt leona oops i tot ben is going n i msg him,0,0,ham,ham
your weekly cool mob tones are ready to download this weeks new tones include crazy frog axel f akon lonely black eyed dont p more info in n,1,1,spam,spam
i m still pretty weak today bad day,0,0,ham,ham
ok i juz receive,0,0,ham,ham
s but he had some luck catches put down,0,0,ham,ham
its not the same here still looking for a job how much do ta s earn there,0,0,ham,ham
shant disturb u anymore jia you,0,0,ham,ham
just got up have to be out of the room very soon i hadn t put the clocks back til at i shouted at everyone to get up and then realised it was wahay another hour in bed,0,0,ham,ham
havent shopping now lor i juz arrive only,0,0,ham,ham
dude what s up how teresa hope you have been okay when i didnt hear from these people i called them and they had received the package since dec lt gt just thot you ld like to know do have a fantastic year and all the best with your reading plus if you can really really bam first aid for usmle then your work is done,0,0,ham,ham
send to someone else,0,0,ham,ham
hi jon pete here ive bin spain recently hav sum dinero left bill said u or ur rents mayb interested in it i hav pes so around tb james,0,0,ham,ham
yar he quite clever but aft many guesses lor he got ask me bring but i thk darren not so willing go aiya they thk leona still not attach wat,0,0,ham,ham
that s y we haf to combine n c how lor,0,0,ham,ham
no de am seeing in online shop so that i asked,0,0,ham,ham
yes last practice,0,0,ham,ham
ya they are well and fine bbd pooja full pimples even she become quite black and ur rite here its too cold wearing sweatter,0,0,ham,ham
will be out of class in a few hours sorry,0,0,ham,ham
quite lor but dun tell him wait he get complacent,0,0,ham,ham
i want to sent lt gt mesages today thats y sorry if i hurts,0,0,ham,ham
i had askd u a question some hours before its answer,0,0,ham,ham
haha my legs and neck are killing me and my amigos are hoping to end the night with a burn think i could swing by in like an hour,0,0,ham,ham
k i will sent it again,0,0,ham,ham
dunno my dad said he coming home bring us out lunch yup i go w u lor i call u when i reach school lor,0,0,ham,ham
are you being good baby,0,0,ham,ham
watching cartoon listening music amp at eve had to go temple amp church what about u,0,0,ham,ham
how do friends help us in problems they give the most stupid suggestion that lands us into another problem and helps us forgt the previous problem,0,0,ham,ham
why nothing ok anyway give me treat,0,0,ham,ham
thanx yup we coming back on sun finish dinner going back hotel now time flies we re tog exactly a mth today hope we ll haf many more mths to come,0,0,ham,ham
happy valentines day i know its early but i have hundreds of handsomes and beauties to wish so i thought to finish off aunties and uncles st,0,0,ham,ham
new textbuddy chat horny guys in ur area just p free receive search postcode or at gaytextbuddy com txt one name to rpl stop cnl,1,1,spam,spam
er mw im filled tuth is aight,0,0,ham,ham
no messages on her phone i m holding it now,0,0,ham,ham
am okay will soon be over all the best,0,0,ham,ham
no dear i do have free messages without any recharge hi hi hi,0,0,ham,ham
he is there you call and meet him,0,0,ham,ham
dont let studying stress you out l r,0,0,ham,ham
called dad oredi,0,0,ham,ham
gud mrng dear hav a nice day,0,0,ham,ham
although i told u dat i m into baig face watches now but i really like e watch u gave cos it s fr u thanx everything dat u ve done today i m touched,0,0,ham,ham
me i m not workin once i get job,0,0,ham,ham
i guess it is useless calling u something important,0,0,ham,ham
this phone has the weirdest auto correct,0,0,ham,ham
got c i lazy to type i forgot in lect i saw a pouch but like not v nice,0,0,ham,ham
what today sunday sunday is holiday so no work,0,0,ham,ham
none nowhere ikno doesdiscount shitinnit,0,0,ham,ham
sorry got a late start we re on the way,0,0,ham,ham
o shore are you takin the bus,0,0,ham,ham
camera quite good mega pixels optical and digital dooms have a lovely holiday be safe and i hope you hav a good journey happy new year to you both see you in a couple of weeks,0,0,ham,ham
ok i feel like john lennon,0,0,ham,ham
i am in escape theatre now going to watch kavalan in a few minutes,0,0,ham,ham
call to the number which is available in appointment and ask to connect the call to waheed fathima,0,1,ham,spam
love has one law make happy the person you love in the same way friendship has one law never make ur friend feel alone until you are alive gud night,0,0,ham,ham
cool text me when you re parked,0,0,ham,ham
sms services for your inclusive text credits pls goto www comuk net login qxj unsubscribe with stop no extra charge help comuk cm ae,1,1,spam,spam
urgent your mobile number has been awarded with a prize guaranteed call from land line claim valid hrs only ppm,1,1,spam,spam
no nokia tone ur mob every week just txt nok to st tone free so get txtin now and tell ur friends p tone reply hl info,1,1,spam,spam
my computer just fried the only essential part we don t keep spares of because my fucking idiot roommates looovvve leaving the thing running on full lt gt,0,0,ham,ham
i d like to tell you my deepest darkest fantasies call me just p min to stop texts call nat rate,1,1,spam,spam
lmao where s your fish memory when i need it,0,0,ham,ham
i need an th but i m off campus atm could i pick up in an hour or two,0,0,ham,ham
nope but i m going home now then go pump petrol lor like going rain soon,0,0,ham,ham
get ur st ringtone free now reply to this msg with tone gr top tones to your phone every week just per wk opt out send stop,1,1,spam,spam
you have got tallent but you are wasting,0,0,ham,ham
ok can,0,0,ham,ham
today is accept day u accept me as brother sister lover dear best clos lvblefrnd jstfrnd cutefrnd lifpartnr belovd swtheart bstfrnd no rply means enemy,0,0,ham,ham
ok,0,0,ham,ham
the gas station is like a block away from my house you ll drive right by it since armenia ends at swann and you have to take howard,0,0,ham,ham
i hope your alright babe i worry that you might have felt a bit desparate when you learned the job was a fake i am here waiting when you come back my love,0,0,ham,ham
discussed with your mother ah,0,0,ham,ham
all these nice new shirts and the only thing i can wear them to is nudist themed you in mu,0,0,ham,ham
or i guess lt gt min,0,0,ham,ham
okie,0,0,ham,ham
sen told that he is going to join his uncle finance in cbe,0,0,ham,ham
st andre virgil s cream,0,0,ham,ham
ya when are taking ure practical lessons i start in june,0,0,ham,ham
private your account statement for shows un redeemed s i m points call identifier code expires,1,1,spam,spam
babe i love you covers your face in kisses,0,0,ham,ham
yep then is fine or for ice age,0,0,ham,ham
lol yes our friendship is hanging on a thread cause u won t buy stuff,0,0,ham,ham
don t forget who owns you and who s private property you are and be my good boy always passionate kiss,0,0,ham,ham
freemsg fancy a flirt reply date now join the uks fastest growing mobile dating service msgs rcvd just p to optout txt stop to reply date now,1,1,spam,spam
please attend the phone,0,0,ham,ham
you call him and tell now infront of them call him now,0,0,ham,ham
boo what time u get out u were supposed to take me shopping today,0,0,ham,ham
no but we found a diff farm shop to buy some cheese on way back now can i call in,0,0,ham,ham
sad story of a man last week was my b day my wife did nt wish me my parents forgot n so did my kids i went to work even my colleagues did not wish,0,0,ham,ham
i need details about that online job,0,0,ham,ham
it doesnt make sense to take it there unless its free if you need to know more wikipedia com,0,0,ham,ham
refused a loan secured or unsecured can t get credit call free now or text back help we will,1,1,spam,spam
so no messages had food,0,0,ham,ham
customer place i wil cal u sir,0,0,ham,ham
urgent please call from landline your abta complimentary tenerife holiday or cash await collection sae t cs box cw wx ppm,1,1,spam,spam
reply with your name and address and you will receive by post a weeks completely free accommodation at various global locations www phb com ph p,1,1,spam,spam
well i m gonna finish my bath now have a good fine night,0,0,ham,ham
i dun thk i ll quit yet hmmm can go jazz yogasana oso can we can go meet em after our lessons den,0,0,ham,ham
you have new message please call,1,1,spam,spam
i am not having her number sir,0,0,ham,ham
hi customer loyalty offer the new nokia mobile from only at txtauction txt word start to no get yours now t ctxt tc p mtmsg,1,1,spam,spam
dai i downloaded but there is only exe file which i can only run that exe after installing,0,0,ham,ham
today is sorry day if ever i was angry with you if ever i misbehaved or hurt you plz plz just slap urself bcoz its ur fault i m basically good,0,0,ham,ham
gud mrng dear hav a nice day,0,0,ham,ham
did you see that film,0,0,ham,ham
ok i wont call or disturb any one i know all are avoiding me i am a burden for all,0,0,ham,ham
dear xxxxxxx u ve been invited to xchat this is our final attempt to contact u txt chat to p msgrcvdhg suite lands row w j hl ldn yrs,1,1,spam,spam
actually i m waiting for weeks when they start putting ad,0,0,ham,ham
as per your request melle melle oru minnaminunginte nurungu vettam has been set as your callertune for all callers press to copy your friends callertune,0,0,ham,ham
dunno lei he neva say,0,0,ham,ham
wanna have a laugh try chit chat on your mobile now logon by txting the word chat and send it to no cm po box london w a zf p msg rcvd,1,1,spam,spam
good night am going to sleep,0,0,ham,ham
best msg it s hard to be with a person when u know that one more step foward will make u fall in love amp one step back can ruin ur friendship good night,0,0,ham,ham
ok me watching tv too,0,0,ham,ham
at bruce b downs amp fletcher now,0,0,ham,ham
thanks i ll keep that in mind,0,0,ham,ham
nope watching tv at home not going out v bored,0,0,ham,ham
yes please leave at lt gt so that at lt gt we can leave,0,0,ham,ham
not tonight mate catching up on some sleep this is my new number by the way,0,0,ham,ham
not yet just i d like to keep in touch and it will be the easiest way to do that from barcelona by the way how ru and how is the house,0,0,ham,ham
its good to hear from you,0,0,ham,ham
xmas iscoming ur awarded either cd gift vouchers free entry r weekly draw txt music to tnc www ldew com win ppmx age subscription,1,1,spam,spam
nvm i m going to wear my sport shoes anyway i m going to be late leh,0,0,ham,ham
princess is your kitty shaved or natural,0,0,ham,ham
congratulations ur awarded of cd vouchers or gift guaranteed free entry wkly draw txt music to tncs www ldew com win ppmx age,1,1,spam,spam
when u love someone dont make them to love u as much as u do but love them so much that they dont want to be loved by anyone except you gud nit,0,0,ham,ham
moji just informed me that you saved our lives thanks,0,0,ham,ham
email alertfrom jeri stewartsize kbsubject low cost prescripiton drvgsto listen to email call,1,1,spam,spam
marvel mobile play the official ultimate spider man game on ur mobile right now text spider to for the game we ll send u a free ball wallpaper,1,1,spam,spam
poyyarikatur kolathupalayam unjalur post erode dis lt gt,0,0,ham,ham
is that on the telly no its brdget jones,0,0,ham,ham
yeah it s jus rite,0,0,ham,ham
do you work all this week,0,0,ham,ham
sorry i ll call later,0,0,ham,ham
ey calm downon theacusations itxt u cos iwana know wotu r doin at thew end haventcn u in ages ring me if ur up nething sat love j xxx,0,0,ham,ham
give me some time to walk there,0,0,ham,ham
mystery solved just opened my email and he s sent me another batch isn t he a sweetie,0,0,ham,ham
moby pub quiz win a high street prize if u know who the new duchess of cornwall will be txt her first name to unsub stop sp,1,1,spam,spam
madam regret disturbance might receive a reference check from dlf premarica kindly be informed rgds rakhesh kerala,0,0,ham,ham
she s fine i have had difficulties with her phone it works with mine can you pls send her another friend request,0,0,ham,ham
thanx u darlin im cool thanx a few bday drinks nite morrow off take care c u soon xxx,0,0,ham,ham
do you know when dad will be back,0,0,ham,ham
that s not v romantic,0,0,ham,ham
dear where you call me,0,0,ham,ham
yes it completely in out of form clark also utter waste,0,0,ham,ham
are you still playing with gautham,0,0,ham,ham
wow i love you sooo much you know i can barely stand it i wonder how your day goes and if you are well my love i think of you and miss you,0,0,ham,ham
urgent your mobile number has been awarded with a bonus caller prize call from land line valid hrs only,1,1,spam,spam
s fine anytime all the best with it,0,0,ham,ham
sad story of a man last week was my b day my wife did nt wish me my parents forgot n so did my kids i went to work even my colleagues did not wish as i entered my cabin my pa said happy b day boss i felt special she askd me lunch after lunch she invited me to her apartment we went there she said do u mind if i go into the bedroom for a minute ok i sed in a sexy mood she came out minuts latr wid a cake n my wife my parents my kidz my friends n my colleagues all screaming surprise and i was waiting on the sofa naked,0,0,ham,ham
moon has come to color your dreams stars to make them musical and my sms to give you warm and peaceful sleep good night,0,0,ham,ham
seriously tell her those exact words right now,0,0,ham,ham
ha ha nan yalrigu heltini iyo kothi chikku u shared many things wit me so far i didn t told any body and even uttered a word abt u if ur trusting me so much how can i tell these to others plz nxt time dont use those words to me ok chikku b,0,0,ham,ham
k actually can you guys meet me at the sunoco on howard it should be right on the way,0,0,ham,ham
camera you are awarded a sipix digital camera call fromm landline delivery within days,1,1,spam,spam
watching tv lor nice one then i like lor,0,0,ham,ham
ok but tell me half an hr b u come i need prepare,0,0,ham,ham
huh i cant thk of more oredi how many pages do we have,0,0,ham,ham
sir waiting for your mail,0,0,ham,ham
how much did ur hdd casing cost,0,0,ham,ham
i think i ve fixed it can you send a test message,0,0,ham,ham
goldviking m is inviting you to be his friend reply yes or no see him www sms ac u goldviking stop send stop frnd to,1,1,spam,spam
y bishan lei i tot say lavender,0,0,ham,ham
win a shopping spree every week starting now play text store to skilgme tscs winawk age perweeksub,1,1,spam,spam
double mins double txt price linerental on latest orange bluetooth mobiles call mobileupd for the very latest offers or call optout lf,1,1,spam,spam
i am not sure about night menu i know only about noon menu,0,0,ham,ham
house maid is the murderer coz the man was murdered on lt gt th january as public holiday all govt instituitions are closed including post office understand,0,0,ham,ham
oh yeah and my diet just flew out the window,0,0,ham,ham
kinda first one gets in at twelve aah speak tomo,0,0,ham,ham
call me i am senthil from hsbc,0,0,ham,ham
you are a great role model you are giving so much and i really wish each day for a miracle but god as a reason for everything and i must say i wish i knew why but i dont i ve looked up to you since i was young and i still do have a great day,0,0,ham,ham
i am going to sleep i am tired of travel,0,0,ham,ham
o ic lol should play doors sometime yo,0,0,ham,ham
got smaller capacity one quite ex,0,0,ham,ham
hmm too many of them unfortunately pics obviously arent hot cakes its kinda fun tho,0,0,ham,ham
i hope you that s the result of being consistently intelligent and kind start asking him about practicum links and keep your ears open and all the best ttyl,0,0,ham,ham
u sick still can go shopping,0,0,ham,ham
you dont know you jabo me abi,0,0,ham,ham
so is th gower mate which is where i am how r u man all is good in wales ill b back morrow c u this wk who was the msg random,0,0,ham,ham
that s cool i ll come by like lt gt ish,0,0,ham,ham
give her something to drink if she takes it and doesn t vomit then you her temp might drop if she unmits however let me know,0,0,ham,ham
me fine absolutly fine,0,0,ham,ham
honestly i ve just made a lovely cup of tea and promptly dropped my keys in it and then burnt my fingers getting them out,0,0,ham,ham
ceri u rebel sweet dreamz me little buddy c ya moro who needs blokes,0,0,ham,ham
reason is if the team budget is available at last they buy the unsold players for at base rate,0,0,ham,ham
i don t know same thing that s wrong everyso often he panicks starts goin on bout not bein good enough,0,0,ham,ham
good night my dear sleepwell amp take care,0,0,ham,ham
my supervisor find me one lor i thk his students i havent ask her yet tell u aft i ask her,0,0,ham,ham
idc get over here you are not weaseling your way out of this shit twice in a row,0,0,ham,ham
take some small dose tablet for fever,0,0,ham,ham
cant think of anyone with spare room off top of my head,0,0,ham,ham
you are a winner or guaranteed caller prize this is our final attempt to contact you to claim call now ppmpobox bhamb xe,1,1,spam,spam
at home also,0,0,ham,ham
you do got a shitload of diamonds though,0,0,ham,ham
yes i think so i am in office but my lap is in room i think thats on for the last few days i didnt shut that down,0,0,ham,ham
thanx today cer it was nice catch up but we ave find more time more often oh well take care c u soon c,0,0,ham,ham
tmrw im finishing doors,0,0,ham,ham
thank you do you generally date the brothas,0,0,ham,ham
thats a bit weird even where is the do supposed to be happening but good idea sure they will be in pub,0,0,ham,ham
hui xin is in da lib,0,0,ham,ham
hey sorry i didntgive ya a a bellearlier hunny,0,0,ham,ham
lt gt that s all guess that s easy enough,0,0,ham,ham
whatsup there dont u want to sleep,0,0,ham,ham
you stayin out of trouble stranger saw dave the other day he s sorted now still with me bloke when u gona get a girl mr ur mum still thinks we will get getha,0,0,ham,ham
fyi i m at usf now swing by the room whenever,0,0,ham,ham
private your account statement for shows un redeemed s i m points call identifier code expires,1,1,spam,spam
yeah i think my usual guy s still passed out from last night if you get ahold of anybody let me know and i ll throw down,0,0,ham,ham
yo carlos a few friends are already asking me about you you working at all this weekend,0,0,ham,ham
good no don t need any receipts well done yes please tell what s her number i could ring her,0,0,ham,ham
should i send you naughty pix,0,0,ham,ham
private your account statement for fone no shows un redeemed s i m points call identifier code expires,1,1,spam,spam
i will reach before ten morning,0,0,ham,ham
customer service announcement we recently tried to make a delivery to you but were unable to do so please call to re schedule ref,1,1,spam,spam
no i got rumour that you going to buy apartment in chennai,0,0,ham,ham
when you and derek done with class,0,0,ham,ham
i got lousy sleep i kept waking up every hours to see if my cat wanted to come in i worry about him when its cold,0,0,ham,ham
yo theres no class tmrw right,0,0,ham,ham
deep sigh i miss you i am really surprised you haven t gone to the net cafe yet to get to me don t you miss me,0,0,ham,ham
good afternoon my love it was good to see your words on ym and get your tm very smart move my slave smiles i drink my coffee and await you,0,0,ham,ham
hey so this sat are we going for the intro pilates only or the kickboxing too,0,0,ham,ham
goodmorning today i am late for lt decimal gt min,0,0,ham,ham
hmmm still we dont have opener,0,0,ham,ham
xmas offer latest motorola sonyericsson nokia free bluetooth or dvd double mins txt on orange call mobileupd on or call optout qf,1,1,spam,spam
as a valued customer i am pleased to advise you that following recent review of your mob no you are awarded with a bonus prize call,1,1,spam,spam
unfortunately i ve just found out that we have to pick my sister up from the airport that evening so don t think i ll be going out at all we should try to go out one of th,0,0,ham,ham
we are supposed to meet to discuss abt our trip thought xuhui told you in the afternoon thought we can go for lesson after that,0,0,ham,ham
i m okay chasing the dream what s good what are you doing next,0,0,ham,ham
a boy loved a gal he propsd bt she didnt mind he gv lv lttrs bt her frnds threw thm again d boy decided aproach d gal dt time a truck was speeding towards d gal wn it was about hit d girl d boy ran like hell n saved her she asked hw cn u run so fast d boy replied boost is d secret of my energy n instantly d girl shouted our energy n thy lived happily gthr drinking boost evrydy moral of d story i hv free msgs d gud ni,0,0,ham,ham
how much would it cost to hire a hitman,0,0,ham,ham
hurt me tease me make me cry but in the end of my life when i die plz keep one rose on my grave and say stupid i miss u have a nice day bslvyl,0,0,ham,ham
gosh that what a pain spose i better come then,0,0,ham,ham
honey sweetheart darling sexy buns sugar plum loverboy i miss you boytoy smacks your ass did you go to the gym too,0,0,ham,ham
jordan got voted out last nite,0,0,ham,ham
say this slowly god i love you amp i need you clean my heart with your blood send this to ten special people amp u c miracle tomorrow do it pls pls do it,0,0,ham,ham
i m job profile seems like bpo,0,0,ham,ham
i m home ard wat time will u reach,0,0,ham,ham
that means get the door,0,0,ham,ham
all e best ur exam later,0,0,ham,ham
you ve won tkts to the euro cup final or cash to collect call b pobox ppm,1,1,spam,spam
i can t make it tonight,0,0,ham,ham
get your garden ready for summer with a free selection of summer bulbs and seeds worth only with the scotsman this saturday to stop go notxt co uk,1,1,spam,spam
ma head dey swell oh thanks for making my day,0,0,ham,ham
freemsg fav xmas tones reply real,1,1,spam,spam
i love you you set my soul on fire it is not just a spark but it is a flame a big rawring flame xoxo,0,0,ham,ham
congrats nokia video camera phone is your call calls cost ppm ave call mins vary from mobiles close post bcm ldn wc n xx,1,1,spam,spam
our prashanthettan s mother passed away last night pray for her and family,0,0,ham,ham
night night see you tomorrow,0,0,ham,ham
ok,0,0,ham,ham
in the end she might still vomit but its okay not everything will come out,0,0,ham,ham
then u ask darren go n pick u lor but i oso sian tmr haf meet lect,0,0,ham,ham
now only i reached home i am very tired now i will come tomorro,0,0,ham,ham
we got a divorce lol she s here,0,0,ham,ham
why don t you go tell your friend you re not sure you want to live with him because he smokes too much then spend hours begging him to come smoke,0,0,ham,ham
we tried to contact you re your reply to our offer of a video handset anytime any networks mins unlimited text camcorder reply or call now,1,1,spam,spam
or ill be a little closer like at the bus stop on the same street,0,0,ham,ham
don t make life too stressfull always find time to laugh it may not add years to your life but surely adds more life to ur years gud ni swt dreams,0,0,ham,ham
hurry home soup is done,0,0,ham,ham
joy s father is john then john is the of joy s father if u ans ths you hav lt gt iq tis s ias question try to answer,0,0,ham,ham
see i knew giving you a break a few times woul lead to you always wanting to miss curfew i was gonna gibe you til one but a midnight movie is not gonna get out til after you need to come home you need to getsleep and if anything you need to b studdying ear training,0,0,ham,ham
sounds better than my evening im just doing my costume im not sure what time i finish tomorrow but i will txt you at the end,0,0,ham,ham
u have a secret admirer who is looking make contact with u find out who they r reveal who thinks ur so special call on stopsms,1,1,spam,spam
think i could stop by in like an hour or so my roommate s looking to stock up for a trip,0,0,ham,ham
was really good to see you the other day dudette been missing you,0,0,ham,ham
my ex wife was not able to have kids do you want kids one day,0,0,ham,ham
urgent your mobile number has been awarded with a prize guaranteed call from land line claim valid hrs only,1,1,spam,spam
oh k after that placement there ah,0,0,ham,ham
i don t know u and u don t know me send chat to now and let s find each other only p msg rcvd hg suite lands row w j hl ldn years or over,1,1,spam,spam
thought we could go out for dinner i ll treat you seem ok,0,0,ham,ham
u say leh of course nothing happen lar not say v romantic jus a bit only lor i thk e nite scenery not so nice leh,0,0,ham,ham
lt gt is fast approaching so wish u a very happy new year happy sankranti happy republic day happy valentines day happy shivratri happy ugadi happy fools day happy may day happy independence day happy friendship mother father teachers childrens day amp happy birthday u happy ganesh festival happy dasara happy diwali happy christmas lt gt good mornings afternoons evenings nights rememberi am the first to wishing u all these your s raj,0,0,ham,ham
latest nokia mobile or ipod mp player proze guaranteed reply with win to now norcorp ltd mtmsgrcvd,1,1,spam,spam
can help u swoop by picking u up from wherever ur other birds r meeting if u want,0,0,ham,ham
free for st week no nokia tone ur mob every week just txt nokia to get txting and tell ur mates www getzed co uk pobox w wq norm p tone,1,1,spam,spam
jane babes not goin wrk feel ill after lst nite foned in already cover me chuck,0,0,ham,ham
congrats mobile g videophones r yours call now videochat wid ur mates play java games dload polyh music noline rentl bx ip we pm,1,1,spam,spam
s of girls many local u who r virgins this r ready fil ur every sexual need can u fil theirs text cute to p m,1,1,spam,spam
no sir that s why i had an hr trip on the bus last week have another audition next wednesday but i think i might drive this time,0,0,ham,ham
goodnight sleep well da please take care pa please,0,0,ham,ham
ok no problem yup i m going to sch at if i rem correctly,0,0,ham,ham
no its not specialisation can work but its slave labor will look for it this month sha cos no shakara beggar,0,0,ham,ham
cancel cheyyamo and get some money back,0,0,ham,ham
i m nt goin got somethin on unless they meetin dinner lor haha i wonder who will go tis time,0,0,ham,ham
congratulations thanks to a good friend u have won the xmas prize claim is easy just call now only p per minute bt national rate,1,1,spam,spam
lol oops sorry have fun,0,0,ham,ham
no da today also i forgot,0,0,ham,ham
todays vodafone numbers ending with are selected to a receive a award if your number matches call to receive your award,1,1,spam,spam
did u turn on the heater the heater was on and set to lt gt degrees,0,0,ham,ham
the battery is for mr adewale my uncle aka egbon,0,0,ham,ham
well its not like you actually called someone a punto that woulda been worse,0,0,ham,ham
you d like that wouldn t you jerk,0,0,ham,ham
best line said in love i will wait till the day i can forget u or the day u realize that u cannot forget me gn,0,0,ham,ham
have you ever had one foot before,0,0,ham,ham
my uncles in atlanta wish you guys a great semester,0,0,ham,ham
i luv u soo much u don t understand how special u r me ring u morrow luv u xxx,0,0,ham,ham
arr birthday today i wish him to get more oscar,0,0,ham,ham
thk of wat to eat tonight,0,0,ham,ham
i dunno lei like dun haf,0,0,ham,ham
babe i m back come back to me,0,0,ham,ham
hmmm how many players selected,0,0,ham,ham
i felt so not any conveying reason ese he what about me,0,0,ham,ham
sir i need velusamy sir s date of birth and company bank facilities details,0,0,ham,ham
thank you meet you monday,0,0,ham,ham
mobile club choose any of the top quality items for your mobile cfca a,1,1,spam,spam
sorry i ll call later,0,0,ham,ham
i wont touch you with out your permission,0,0,ham,ham
wot u wanna do then missy,0,0,ham,ham
will be office around pm now i am going hospital,0,0,ham,ham
it s a taxt massage tie pos argh ok lool,0,0,ham,ham
great i have to run now so ttyl,0,0,ham,ham
k all the best congrats,0,0,ham,ham
okie,0,0,ham,ham
height of confidence all the aeronautics professors wer calld amp they wer askd sit in an aeroplane aftr they sat they wer told dat the plane ws made by their students dey all hurried out of d plane bt only didnt move he said if it is made by my students,0,0,ham,ham
spjanuary male sale hot gay chat now cheaper call national rate from p min cheap to p min peak to stop texts call p min,1,1,spam,spam
under the sea there lays a rock in the rock there is an envelope in the envelope there is a paper on the paper there are words,0,0,ham,ham
honey boo i m missing u,0,0,ham,ham
all boys made fun of me today ok i have no problem i just sent one message just for fun,0,0,ham,ham
ringtone club get the uk singles chart on your mobile each week and choose any top quality ringtone this message is free of charge,1,1,spam,spam
u,0,0,ham,ham
fighting with the world is easy u either win or lose bt fightng with some who is close to u is dificult if u lose u lose if u win u still lose,0,0,ham,ham
solve d case a man was found murdered on lt decimal gt lt gt afternoon his wife called police police questioned everyone wife sir i was sleeping when the murder took place cook i was cooking gardener i was picking vegetables house maid i went d post office children we went play neighbour we went a marriage police arrested d murderer immediately who s it reply with reason if u r brilliant,0,0,ham,ham
ah you see you have to be in the lingo i will let you know wot on earth it is when has finished making it,0,0,ham,ham
oh gei that happend to me in tron maybe ill dl it in d when its out,0,0,ham,ham
is it ok if i stay the night here xavier has a sleeping bag and i m getting tired,0,0,ham,ham
u have a secret admirer who is looking make contact with u find out who they r reveal who thinks ur so special call on,1,1,spam,spam
am in gobi arts college,0,0,ham,ham
go home liao ask dad to pick me up at,0,0,ham,ham
december only had your mobile mths you are entitled to update to the latest colour camera mobile for free call the mobile update co free on,1,1,spam,spam
ok lor anyway i thk we cant get tickets now cos like quite late already u wan go look ur frens a not darren is wif them now,0,0,ham,ham
somebody set up a website where you can play hold em using eve online spacebucks,0,0,ham,ham
ok then i will come to ur home after half an hour,0,0,ham,ham
a bit of ur smile is my hppnss a drop of ur tear is my sorrow a part of ur heart is my life a heart like mine wil care for u forevr as my goodfriend,0,0,ham,ham
ok im not sure what time i finish tomorrow but i wanna spend the evening with you cos that would be vewy vewy lubly love me xxx,0,0,ham,ham
come lt n pass to me lar,0,0,ham,ham
i want some cock my hubby s away i need a real man satisfy me txt wife to for no strings action txt stop end txt rec ea otbox la ws,1,1,spam,spam
t mobile customer you may now claim your free camera phone upgrade a pay go sim card for your loyalty call on offer ends thfeb t c s apply,1,1,spam,spam
i don t quite know what to do i still can t get hold of anyone i cud pick you up bout pm and we can see if they re in the pub,0,0,ham,ham
orh i tot u say she now still dun believe,0,0,ham,ham
if you ask her or she say any please message,0,0,ham,ham
do you want anytime any network mins text and a new video phone for only five pounds per week call or reply for delivery tomorrow,1,1,spam,spam
this msg is for your mobile content order it has been resent as previous attempt failed due to network error queries to customersqueries netvision uk com,1,1,spam,spam
can you pls pls send me a mail on all you know about relatives coming to deliver here all you know about costs risks benefits and anything else thanks,0,0,ham,ham
ujhhhhhhh computer shipped out with address to sandiago and parantella lane wtf poop,0,0,ham,ham
u will switch your fone on dammit,0,0,ham,ham
i ll get there at unless you guys want me to come some time sooner,0,0,ham,ham
xclusive clubsaisai morow soiree speciale zouk with nichols from paris free roses all ladies info,1,1,spam,spam
mark works tomorrow he gets out at his work is by your house so he can meet u afterwards,0,0,ham,ham
hello handsome are you finding that job not being lazy working towards getting back that net for mummy where s my boytoy now does he miss me,0,0,ham,ham
free msg single find a partner in your area s of real people are waiting to chat now send chat to cncl send stopcs per msg,1,1,spam,spam
change windows logoff sound,0,0,ham,ham
cant believe i said so many things to you this morning when all i really wanted to say was good morning i love you have a beautiful morning see you in the library later,0,0,ham,ham
going for dinner msg you after,0,0,ham,ham
sorry for the delay yes masters,0,0,ham,ham
aiyar sorry lor forgot tell u,0,0,ham,ham
tell me they re female v how re you throwing in we re deciding what all to get now,0,0,ham,ham
we have to pick rayan macleran there,0,0,ham,ham
i m thinking that chennai forgot to come for auction,0,0,ham,ham
hello my love what are you doing did you get to that interview today are you you happy are you being a good boy do you think of me are you missing me,0,0,ham,ham
there is a first time for everything,0,0,ham,ham
ok but bag again,0,0,ham,ham
early bird any purchases yet,0,0,ham,ham
download as many ringtones as u like no restrictions s choose u can even send yr buddys txt sir to,1,0,spam,ham
mon okie lor haha best is cheap n gd food la ex oso okie depends on whether wana eat western or chinese food den which u prefer,0,0,ham,ham
romcapspam everyone around should be responding well to your presence since you are so warm and outgoing you are bringing in a real breath of sunshine,1,0,spam,ham
k k why cant you come here and search job,0,0,ham,ham
free st week entry textpod a chance win gb ipod or cash every wk txt vpod to ts cs www textpod net custcare,1,1,spam,spam
i dun believe u i thk u told him,0,0,ham,ham
yes when is the appt again,0,0,ham,ham
jason says it s cool if we pick some up from his place in like an hour,0,0,ham,ham
its ok if anybody asks abt me u tel them p,0,0,ham,ham
i like cheap but i m happy to splash out on the wine if it makes you feel better,0,0,ham,ham
dunno leh cant remember mayb lor so wat time r we meeting tmr,0,0,ham,ham
i said its okay sorry,0,0,ham,ham
you didn t hear it from me,0,0,ham,ham
do you realize that in about years we ll have thousands of old ladies running around with tattoos,1,0,spam,ham
honeybee said i m d sweetest in d world god laughed amp said wait u havnt met d person reading this msg moral even god can crack jokes gm gn ge gn,0,0,ham,ham
i ll let you know when it kicks in,0,0,ham,ham
yes it completely in out of form clark also utter waste,0,0,ham,ham
k i m ready lt gt,0,0,ham,ham
he s really into skateboarding now despite the fact that he gets thrown off of it and winds up with bandages and shit all over his arms every five minutes,0,0,ham,ham
then she buying today no need to c meh,0,0,ham,ham
fwiw the reason i m only around when it s time to smoke is that because of gas i can only afford to be around when someone tells me to be and that apparently only happens when somebody wants to light up,0,0,ham,ham
lmao take a pic and send it to me,0,0,ham,ham
wat time u finish ur lect today,0,0,ham,ham
cab is available they pick up and drop at door steps,0,0,ham,ham
we stopped to get ice cream and will go back after,0,0,ham,ham
tomorrow i am not going to theatre so i can come wherever u call me tell me where and when to come tomorrow,0,0,ham,ham
howz that persons story,0,0,ham,ham
this message is from a great doctor in india do not drink appy fizz it contains cancer causing age,0,0,ham,ham
our ride equally uneventful not too many of those pesky cyclists around at that time of night,0,0,ham,ham
just sing hu i think its also important to find someone female that know the place well preferably a citizen that is also smart to help you navigate through even things like choosing a phone plan require guidance when in doubt ask especially girls,0,0,ham,ham
never blame a day in ur life good days give u happiness bad days give u experience both are essential in life all are gods blessings good morning,0,0,ham,ham
good afternon my love how are today i hope your good and maybe have some interviews i wake and miss you babe a passionate kiss from across the sea,0,0,ham,ham
apps class varaya elaya,0,0,ham,ham
i need coz i never go before,0,0,ham,ham
do you want a new video phone anytime any network mins text for only five pounds per week call now or reply for delivery tomorrow,1,1,spam,spam
if you text on your way to cup stop that should work and that should be bus,0,0,ham,ham
i know but you need to get hotel now i just got my invitation but i had to apologise cali is to sweet for me to come to some english bloke s weddin,0,0,ham,ham
urgent you have won a week free membership in our prize jackpot txt the word claim to no t c www dbuk net lccltd pobox ldnw a rw,1,1,spam,spam
yup i thk cine is better cos no need go down plaza mah,0,0,ham,ham
are you at work right now,0,0,ham,ham
she said do u mind if i go into the bedroom for a minute ok i sed in a sexy mood she came out minuts latr wid a cake n my wife,0,0,ham,ham
life spend with someone for a lifetime may be meaningless but a few moments spent with someone who really love you means more than life itself,0,0,ham,ham
get the official england poly ringtone or colour flag on yer mobile for tonights game text tone or flag to optout txt eng stop box w wx,1,1,spam,spam
i want snow it s just freezing and windy,0,0,ham,ham
oh ok,0,0,ham,ham
i m on the bus love you,0,0,ham,ham
will do was exhausted on train this morning too much wine and pie you sleep well too,0,0,ham,ham
no she didnt i will search online and let you know,0,0,ham,ham
it s ok at least armand s still around,0,0,ham,ham
i love to cuddle i want to hold you in my strong arms right now,0,0,ham,ham
do you always celebrate ny s with your family,0,0,ham,ham
call me when u re done,0,0,ham,ham
sorry in meeting i ll call later,0,0,ham,ham
i m a guy browsin is compulsory,0,0,ham,ham
mm umma ask vava also to come tell him can play later together,0,0,ham,ham
yes i have so that s why u texted pshew missing you so much,0,0,ham,ham
i love working from home,0,0,ham,ham
k i ll call you when i m close,0,0,ham,ham
how are you wish you a great semester,0,0,ham,ham
one of best dialogue in cute reltnship wen i die,0,0,ham,ham
not much no fights it was a good nite,0,0,ham,ham
on the road so cant txt,0,0,ham,ham
what you need you have a person to give na,0,0,ham,ham
yes see ya not on the dot,0,0,ham,ham
let me know if you need anything else salad or desert or something how many beers shall i get,0,0,ham,ham
hey i will be really pretty late you want to go for the lesson first i will join you i m only reaching tp mrt,0,0,ham,ham
i am back bit long cos of accident on a had to divert via wadebridge i had a brilliant weekend thanks speak soon lots of love,0,0,ham,ham
that day say cut ur hair at paragon is it called hair sense do noe how much is a hair cut,0,0,ham,ham
will you come online today night,0,0,ham,ham
olol i printed out a forum post by a guy with the exact same prob which was fixed with a gpu replacement hopefully they dont ignore that,0,0,ham,ham
i don t run away frm u i walk slowly amp it kills me that u don t care enough to stop me,0,0,ham,ham
u have a secret admirer who is looking make contact with u find out who they r reveal who thinks ur so special call on,1,1,spam,spam
he is world famamus,0,0,ham,ham
hmm shall i bring a bottle of wine to keep us amused just joking i ll still bring a bottle red or white see you tomorrow,0,0,ham,ham
night sweet sleep well i ve just been to see the exorcism of emily rose and may never sleep again hugs and snogs,0,0,ham,ham
yes he is really great bhaji told kallis best cricketer after sachin in world very tough to get out,0,0,ham,ham
update your face book status frequently,0,0,ham,ham
just making dinner you,0,0,ham,ham
i m doing da intro covers energy trends n pros n cons brief description of nuclear fusion n oso brief history of iter n jet got abt n half pages,0,0,ham,ham
hey gorgeous man my work mobile number is have a good one babe squishy mwahs,0,0,ham,ham
you can stop further club tones by replying stop mix see my tone com enjoy html for terms club tones cost gbp week mfl,1,1,spam,spam
i haven t forgotten you i might have a couple bucks to send you tomorrow k i love ya too,0,0,ham,ham
i don wake since i checked that stuff and saw that its true no available spaces pls call the embassy or send a mail to them,0,0,ham,ham
if you are not coughing then its nothing,0,0,ham,ham
awesome be there in a minute,0,0,ham,ham
double your mins txts on orange or price linerental motorola and sonyericsson with b tooth free nokia free call mobileupd on or optout hv d,1,1,spam,spam
hi elaine is today s meeting confirmed,0,0,ham,ham
that s the way you should stay oh,0,0,ham,ham
sorry dude dont know how i forgot even after dan reminded me sorry hope you guys had fun,0,0,ham,ham
ok lor sony ericsson salesman i ask shuhui then she say quite gd use so i considering,0,0,ham,ham
k come to nordstrom when you re done,0,0,ham,ham
k if u bored up just come to my home,0,0,ham,ham
can come my room but cannot come my house cos my house still messy haha,0,0,ham,ham
oops i did have it lt gt,0,0,ham,ham
no he joined today itself,0,0,ham,ham
freemsg hey u i just got of these video pic fones reply wild to this txt ill send u my pics hurry up im so bored at work xxx p rcvd stop stop,1,1,spam,spam
hey you can pay with salary de only lt gt,0,0,ham,ham
turns out my friends are staying for the whole show and won t be back til lt gt so feel free to go ahead and smoke that lt gt worth,0,0,ham,ham
its a big difference lt gt versus lt gt every lt gt hrs,0,0,ham,ham
let me know how to contact you i ve you settled in a room lets know you are ok,0,0,ham,ham
right it wasnt you who phoned it was someone with a number like yours,0,0,ham,ham
can you pls send me that company name in saibaba colany,0,0,ham,ham
leave it wif me lar wan to carry meh so heavy is da num familiar to,0,0,ham,ham
i m home doc gave me pain meds says everything is fine,0,0,ham,ham
you re not sure that i m not trying to make xavier smoke because i don t want to smoke after being told i smoke too much,0,0,ham,ham
still chance there if you search hard you will get it let have a try,0,0,ham,ham
yeah we can probably swing by once my roommate finishes up with his girl,0,0,ham,ham
adult content your video will be with you shortly,1,1,spam,spam
do thing change that sentence into because i want concentrate in my educational career im leaving here,0,0,ham,ham
we tried to contact you re your reply to our offer of a video phone anytime any network mins half price line rental camcorder reply or call,1,1,spam,spam
come to my home for one last time i wont do anything trust me,0,0,ham,ham
at what time are you coming,0,0,ham,ham
let ur heart be ur compass ur mind ur map ur soul ur guide and u will never loose in world gnun sent via way sms com,0,0,ham,ham
nvm it s ok,0,0,ham,ham
k k how is your sister kids,0,0,ham,ham
at the funeral home with audrey and dad,0,0,ham,ham
hello drivby quit edrunk sorry iff pthis makes no senrd dnot no how dancce drum n basq ihave fun nhite x ros xxxxxxx,0,0,ham,ham
then what about further plan,0,0,ham,ham
ugh my leg hurts musta overdid it on mon,0,0,ham,ham
from here after the performance award is calculated every two month not for current one month period,0,0,ham,ham
uncle g just checking up on you do have a rewarding month,0,0,ham,ham
edison has rightly said a fool can ask more questions than a wise man can answer now you know why all of us are speechless during viva gm,0,0,ham,ham
exactly anyways how far is jide her to study or just visiting,0,0,ham,ham
ur cash balance is currently pounds to maximize ur cash in now send cash to only p msg cc hg suite lands row w j hl,1,1,spam,spam
good good job i like entrepreneurs,0,0,ham,ham
meet after lunch la,0,0,ham,ham
g w r,0,0,ham,ham
ya that one is slow as poo,0,0,ham,ham
in work now going have in few min,0,0,ham,ham
oh yes why is it like torture watching england,0,0,ham,ham
a swt thought nver get tired of doing little things lovable persons coz somtimes those little things occupy d biggest part in their hearts gud ni,0,0,ham,ham
you call him now ok i said call him,0,0,ham,ham
probably want to pick up more,0,0,ham,ham
i m not sure i was just checking out what was happening around the area,0,0,ham,ham
say this slowly god i love you amp i need you clean my heart with your blood send this to ten special people amp u c miracle tomorrow do it pls pls do it,0,0,ham,ham
s s india going to draw the series after many years in south african soil,0,0,ham,ham
nah im goin the wrks with j wot bout u,0,0,ham,ham
mind blastin no more tsunamis will occur from now on rajnikant stopped swimming in indian ocean d,0,0,ham,ham
but your brother transfered only lt gt lt gt pa,0,0,ham,ham
hungry gay guys feeling hungry and up it now call just p min to stop texts call p min,1,1,spam,spam
how are you doing hope you ve settled in for the new school year just wishin you a gr day,0,0,ham,ham
i was up all night too worrying about this appt it s a shame we missed a girls night out with quizzes popcorn and you doing my hair,0,0,ham,ham
these won t do have to move on to morphine,0,0,ham,ham
yetunde i m sorry but moji and i seem too busy to be able to go shopping can you just please find some other way to get what you wanted us to get please forgive me you can reply free via yahoo messenger,0,0,ham,ham
ok no prob,0,0,ham,ham
are there ta jobs available let me know please cos i really need to start working,0,0,ham,ham
anyway seriously hit me up when you re back because otherwise i have to light up with armand and he always has shit and or is vomiting,0,0,ham,ham
i m leaving my house now,0,0,ham,ham
roger that we re probably going to rem in about,0,0,ham,ham
ugh i don t wanna get out of bed it s so warm,0,0,ham,ham
sir good morning hope you had a good weekend i called to let you know that i was able to raise lt gt from my dad he however said he would make the rest available by mid feb this amount is still quite short and i was hoping you would help do have a good day abiola,0,0,ham,ham
im sorry bout last nite it wasn t ur fault it was me spouse it was pmt or sumthin u give me i think u shldxxxx,0,0,ham,ham
urgent your mobile no won a bonus caller prize on this is the nd attempt to reach you call asap box n qp ppm,1,1,spam,spam
or better still can you catch her and let ask her if she can sell lt gt for me,0,0,ham,ham
the table s occupied i m waiting by the tree,0,0,ham,ham
my planning usually stops at find hella weed,0,0,ham,ham
gumby s has a special where a lt gt cheese pizza is so i know what we re doin tonight,0,0,ham,ham
my stomach has been thru so much trauma i swear i just can t eat i better lose weight,0,0,ham,ham
i am in hospital da i will return home in evening,0,0,ham,ham
hey do you want anything to buy,0,0,ham,ham
yes baby i need to stretch open your pussy,0,0,ham,ham
jay s getting really impatient and belligerent,0,0,ham,ham
hot live fantasies call now just p per min ntt ltd po box croydon cr wb k,1,1,spam,spam
send me your resume,0,0,ham,ham
howz that persons story,0,0,ham,ham
actually my mobile is full of msg and i m doing a work online where i need to send them lt gt sent msg i wil explain u later,0,0,ham,ham
arun can u transfr me d amt,0,0,ham,ham
haha can but i m having dinner with my cousin,0,0,ham,ham
super da good replacement for murali,0,0,ham,ham
i have no idea where you are,0,0,ham,ham
just chill for another hrs if you could sleep the pain is not a surgical emergency so see how it unfolds okay,0,0,ham,ham
remember all those whom i hurt during days of satanic imposter in me need to pay a price so be it may destiny keep me going and as u said pray that i get the mind to get over the same,0,0,ham,ham
short but cute be a good person,0,0,ham,ham
imagine you finally get to sink into that bath after i have put you through your paces maybe even having you eat me for a while before i left but also imagine the feel of that cage on your cock surrounded by the bath water reminding you always who owns you enjoy my cuck,0,0,ham,ham
eh u send wrongly lar,0,0,ham,ham
ha u jus ate honey ar so sweet,0,0,ham,ham
ummmmmaah many many happy returns of d day my dear sweet heart happy birthday dear,0,0,ham,ham
chile please it s only a lt decimal gt hour drive for me i come down all the time and will be subletting feb april for audition season,0,0,ham,ham
when people see my msgs they think iam addicted to msging they are wrong bcoz they don t know that iam addicted to my sweet friends bslvyl,0,0,ham,ham
hello thanx for taking that call i got a job starts on monday,0,0,ham,ham
i called and said all to him then he have to choose this future,0,0,ham,ham
pls accept me for one day or am begging you change the number,0,0,ham,ham
eh ur laptop got no stock lei he say mon muz come again to take a look c got a not,0,0,ham,ham
yo call me when you get the chance a friend of mine wanted me to ask you about a big order,0,0,ham,ham
can you let me know details of fri when u find out cos i m not in tom or fri mentionned chinese thanks,0,0,ham,ham
reverse is cheating that is not mathematics,0,0,ham,ham
you still at the game,0,0,ham,ham
goodmorning today i am late for hrs because of back pain,0,0,ham,ham
were somewhere on fredericksburg,0,0,ham,ham
freemsg you have been awarded a free mini digital camera just reply snap to collect your prize quizclub opt out stop p wk sp rwm ph,1,1,spam,spam
sorry im stil fucked after last nite went tobed at got up work at,0,0,ham,ham
watch lor i saw a few swatch one i thk quite ok ard but i need nd opinion leh,0,0,ham,ham
should i be stalking u,0,0,ham,ham
hey i am really horny want to chat or see me naked text hot to text charged at pm to unsubscribe text stop,1,1,spam,spam
can i get your opinion on something first,0,0,ham,ham
i dont have that much image in class,0,0,ham,ham
rct thnq adrian for u text rgds vatian,1,1,spam,spam
i have had two more letters from i will copy them for you cos one has a message for you speak soon,0,0,ham,ham
oh ok wat s ur email,0,0,ham,ham
what year and how many miles,0,0,ham,ham
free entry in a wkly comp to win fa cup final tkts st may text fa to to receive entry question std txt rate t c s apply over s,1,1,spam,spam
i can t right this second gotta hit people up first,0,0,ham,ham
well thats nice too bad i cant eat it,0,0,ham,ham
its a laptop take it with you,0,0,ham,ham
double mins and txts months free bluetooth on orange available on sony nokia motorola phones call mobileupd on or call optout n dx,1,1,spam,spam
no problem with the renewal i ll do it right away but i dont know his details,0,0,ham,ham
i m glad you are following your dreams,0,0,ham,ham
nokia phone is lovly,0,1,ham,spam
i will be gentle princess we will make sweet gentle love,0,0,ham,ham
uncle boye i need movies oh guide me plus you know torrents are not particularly legal here and the system is slowing down what should i do have a gr day plus have you started cos i dont meet you online how was the honey moon,0,0,ham,ham
u buy newspapers already,0,0,ham,ham
if you have belive me come to my home,0,0,ham,ham
he s just gonna worry for nothing and he won t give you money its no use,0,0,ham,ham
it is a good thing i m now getting the connection to bw,0,0,ham,ham
same wana plan a trip sometme then,0,0,ham,ham
u gd lor go shopping i got stuff to do u wan watch infernal affairs a not come lar,0,0,ham,ham
purity of friendship between two is not about smiling after reading the forwarded message its about smiling just by seeing the name gud evng,0,0,ham,ham
oops got that bit,0,0,ham,ham
even my brother is not like to speak with me they treat me like aids patent,0,0,ham,ham
beautiful truth expression of the face could be seen by everyone but the depression of heart could be understood only by the loved ones gud ni,0,0,ham,ham
lmao nice,0,0,ham,ham
wat makes some people dearer is not just de happiness dat u feel when u meet them but de pain u feel when u miss dem,0,0,ham,ham
what your plan for pongal,0,0,ham,ham
hey babe my friend had to cancel still up for a visit,0,0,ham,ham
thank u,0,0,ham,ham
take something for pain if it moves however to any side in the next hrs see a doctor,0,0,ham,ham
win a year supply of cds a store of ur choice worth enter our weekly draw txt music to ts cs www ldew com subs win ppmx,1,1,spam,spam
yup leaving right now be back soon,0,0,ham,ham
aaooooright are you at work,0,0,ham,ham
shall i come to get pickle,0,0,ham,ham
hi ya babe x u goten bout me scammers getting smart though this is a regular vodafone no if you respond you get further prem rate msg subscription other nos used also beware,1,0,spam,ham
great i hope you like your man well endowed i am lt gt inches,0,0,ham,ham
sorry i ll call later,0,0,ham,ham
i wnt to buy a bmw car urgently its vry urgent but hv a shortage of lt gt lacs there is no source to arng dis amt lt gt lacs thats my prob,0,0,ham,ham
mths half price orange line rental latest camera phones free had your phone mths call mobilesdirect free on to update now or stoptxt,1,1,spam,spam
ill b down soon,0,0,ham,ham
alrite,0,0,ham,ham
velly good yes please,0,0,ham,ham
if he started searching he will get job in few days he have great potential and talent,0,0,ham,ham
never blame a day in ur life good days give u happiness bad days give u experience both are essential in life all are gods blessings good morning,0,0,ham,ham
pathaya enketa maraikara pa,0,0,ham,ham
hey i ve booked the pilates and yoga lesson already haha,0,0,ham,ham
thanks for the vote now sing along with the stars with karaoke on your mobile for a free link just reply with sing now,1,1,spam,spam
every day i use to sleep after lt gt so only,0,0,ham,ham
yay you better not have told that to other girls either,0,0,ham,ham
lol nah wasn t too bad thanks its good to b home but its been quite a reality check hows ur day been did u do anything with website,0,0,ham,ham
i sent you the prices and do you mean the lt gt g,0,0,ham,ham
december only had your mobile mths you are entitled to update to the latest colour camera mobile for free call the mobile update co free on,1,1,spam,spam
i m awake oh what s up,0,0,ham,ham
that s a shame maybe cld meet for few hrs tomo,0,0,ham,ham
congratulations in this week s competition draw u have won the prize to claim just call b t cs stop sms over only ppm,1,1,spam,spam
i cant pick the phone right now pls send a message,0,0,ham,ham
sorry in meeting i ll call you later,0,0,ham,ham
you at mu you should try to figure out how much money everyone has for gas and alcohol jay and i are trying to figure out our weed budget,0,0,ham,ham
urgent we are trying to contact u todays draw shows that you have won a prize guaranteed call from land line claim c valid hrs only,1,1,spam,spam
water logging in desert geoenvironmental implications,0,0,ham,ham
joy s father is john then john is the of joy s father if u ans ths you hav lt gt iq tis s ias question try to answer,0,0,ham,ham
haiyoh maybe your hamster was jealous of million,0,0,ham,ham
oh unintentionally not bad timing great fingers the trains play along will give fifteen min warning,0,0,ham,ham
then wait me at bus stop aft ur lect lar if i dun c then i go get my car then come back n pick,0,0,ham,ham
umma did she say anything,0,0,ham,ham
how u doin baby girl hope u are okay every time i call ure phone is off i miss u get in touch,0,0,ham,ham
send his number and give reply tomorrow morning for why you said that to him like that ok,0,0,ham,ham
well you told others you d marry them,0,0,ham,ham
please protect yourself from e threats sib never asks for sensitive information like passwords atm sms pin thru email never share your password with anybody,0,1,ham,spam
guess which pub im in im as happy as a pig in clover or whatever the saying is,0,0,ham,ham
no let me do the math your not good at it,0,0,ham,ham
doesn t g have class early tomorrow and thus shouldn t be trying to smoke at lt gt,0,0,ham,ham
how are you babes hope your doing ok i had a shit nights sleep i fell asleep at i m knackered and i m dreading work tonight what are thou upto tonight x,0,0,ham,ham
reply to win weekly what professional sport does tiger woods play send stop to to end service,1,1,spam,spam
gent we are trying to contact you last weekends draw shows that you won a prize guaranteed call claim code k valid hrs only ppm,1,1,spam,spam
stop the story i ve told him i ve returned it and he s saying i should not re order it,0,0,ham,ham
we have sent jd for customer service cum accounts executive to ur mail id for details contact us,0,1,ham,spam
just re read it and i have no shame but tell me how he takes it and if he runs i will blame u ever not really ever just a long time,0,0,ham,ham
well i meant as opposed to my drunken night of before,0,0,ham,ham
she was supposed to be but couldn t make it she s still in town though,0,0,ham,ham
